date	keyword	draft_path	title	published
2026-09-05	강사 목소리	drafts/2026-09-05/1.md	강사 목소리 아무리 관리해도 오후만 되면 무너지는 이유	https://blog.naver.com/voicedr/224403800429
2026-09-05	목소리 떨림	drafts/2026-09-05/2.md	목소리 떨림 아무리 참으려 해도 반복되는 진짜 이유	no
2026-09-05	복식호흡 하는 법	drafts/2026-09-05/3.md	복식호흡 하는 법 제대로 배워도 목소리가 안 바뀌는 이유	no
2026-09-07	작은 목소리	drafts/2026-09-07/1.md	작은 목소리 아무리 크게 내려 해도 안 커지는 이유	no
2026-09-07	성우 발성	drafts/2026-09-07/2.md	성우 발성 아무리 연습해도 늘지 않는 진짜 이유	no
2026-09-07	말할 때 목 통증	drafts/2026-09-07/3.md	말할 때 목 통증 쉬어도 계속 돌아오는 진짜 이유	no
2026-09-08	목소리 톤 낮추는 법	drafts/2026-09-08/1.md	목소리 톤 낮추는 법 아무리 연습해도 안 되는 이유	no
2026-09-08	유튜버 목소리	drafts/2026-09-08/2.md	유튜버 목소리 아무리 녹음해도 안 살아나는 이유	no
2026-09-08	콧소리	drafts/2026-09-08/3.md	콧소리 아무리 발음 교정해도 안 없어지는 이유	no
2026-09-14	발성연습 순서	drafts/2026-09-14/1.md	발성연습 순서 아무리 바꿔도 결국 발성 문제	no
2026-09-14	가수 발성 호흡	drafts/2026-09-14/2.md	가수 발성 호흡 아무리 늘려도 결국 발성 문제	no
2026-09-14	목소리가 가늘어요	drafts/2026-09-14/3.md	목소리가 가늘어요 결국 호흡근의 문제입니다	no
2026-09-15	호흡근 훈련이란	drafts/2026-09-15/1.md	호흡근 훈련이란 결국 숨 쓰는 습관의 문제	no
2026-09-15	영업직 목소리	drafts/2026-09-15/2.md	영업직 목소리 오후만 되면 갈라지는 건 결국 발성 문제	no
2026-09-15	사투리 억양 교정	drafts/2026-09-15/3.md	사투리 억양 교정 안 되는 건 결국 발성 문제입니다	no
2026-09-16	배우오디션	drafts/2026-09-16/1.md	배우오디션 소리가 무너지는 건 결국 발성 문제	no
2026-09-16	성인발음교정	drafts/2026-09-16/2.md	성인발음교정 안 되는 건 결국 호흡의 문제입니다	no
2026-09-16	쉰목소리	drafts/2026-09-16/3.md	쉰목소리 반복되는 건 결국 압력의 문제입니다	no
2026-09-16	말하기연습	drafts/2026-09-16/4.md	말하기연습 아무리 해도 안 느는 건 자세 문제	no
2026-09-16	웅변학원	drafts/2026-09-16/5.md	웅변학원 찾기 전에 봐야 할 건 결국 호흡입니다	no
